Jerald,Dobrzyca,94512838528,77,4955572727
Nicole,Moengo,87236105145,66,6348039769
Bernarr,Zhaobaoshan,50204433022,18,1047788597
Donica,Laon,24099245998,83,3678848334
Addia,Huotian,37529557542,42,5694793537
Guinevere,Al Jumūm,59887536468,95,1224185279
Bronny,Qingquan,45171098709,67,9303084619
Powell,Jõhvi,87848881164,95,1245545264
Anders,Borek Wielkopolski,90022083080,48,4723137324
Dollie,Yŏnmu,35209874462,34,5779641983
Maddie,Majiao,15923242858,52,7286778317
Jeffrey,Qal‘eh-ye Khvājeh,82563584546,95,6164200834
Keefe,Gaopu,44428633099,22,6094896194
Marcelline,Shirone,31525711973,82,7691051071
Reed,Senangkhanikhom,88053001417,90,1469922589
Birgit,Kuala Lumpur,71318600110,78,8071247856
Yoshiko,Luoxi,38069167346,95,7476853584
Sidnee,Huazhou,43344737870,91,6727911373
Esme,Bangbayang,26607128039,28,3291288830
Elene,Caitang,71101954774,24,1555637748
Stefanie,Flores da Cunha,30178676871,47,3026877382
Jerrie,Dashkawka,51943760564,88,2926598248
Davine,Lemenhe,61416477915,90,4758667230
Gran,Reims,94567797179,19,9066182443
Sacha,Ciudad del Este,70463822976,96,2168144432
Hally,Zhengmo,86690295393,91,5473977973
Nadiya,Midland,27383219366,87,4326678002
Cassie,Chernyanka,96612062060,67,6977303603
Rochester,Wadungasri,74681784351,93,6848982967
Sergio,Talakag,72312032897,63,7501745056
Mathilda,Pulaupanggung,71766057612,32,4679485771
Karil,Conceição do Araguaia,94990904136,34,3663956429
Domeniga,Bordeaux,42007501022,67,7331790654
Verina,Novomoskovsk,75388040805,60,6664983690
Hatti,Noenoni,38697043123,82,3657535089
Orson,Buta Ranquil,81513606878,69,3689270973
Emmalynne,Desa Borogojol,93819766976,68,1353225585
Mikkel,Ankaran,79098741761,33,5662832619
Briano,Qiaoyi,10928547413,36,3983370823
Kingston,Langue,31299901783,65,4546677409
Johnathan,Naekan,19695914210,50,8585348711
Maire,Dusun Desa Bunter,42712663977,71,7142024346
Florenza,Göteborg,91808780869,91,8621102624
Amargo,Kasukabe,88960559821,29,1211839137
Axel,San Diego,83764113169,47,6194177710
Sergeant,Al ‘Azīzīyah,28613952744,63,5566320843
Rupert,Vale de São Cosme,55956276420,43,5381952300
Melita,Ciasna,47124308248,70,8303948786
Gleda,Liuyuan,71722764755,36,6729500721
Olimpia,Igrim,31665774170,58,5755078469
Edgardo,Semanding Barat,23377911401,38,2103682408
Con,Sumberarumkrajan,86511256138,28,8093072396
Simonette,Radiměř,86301058757,47,3861922686
Frederique,Kandahār,76439346318,50,4083715506
Ingmar,Shuangpu,28937516576,89,3934095325
Demetris,Idenao,40357358164,68,1897036022
Godart,Eido,97099651448,50,9488131713
Steffie,Woja,80153308730,57,7574075210
Davine,Valle de La Pascua,80226456553,73,5683627997
Kareem,Batelov,67734920026,45,1899660309
Katleen,Odiong,27612419998,27,4794128533
Jay,Lanchkhuti,19676115610,67,3829235530
Trev,Palaióchora,98132045668,91,3704964039
Gonzales,Zamora,18416989244,48,1416631456
Sharleen,Fenghuang,31124271786,54,3173192766
Tamarra,Seixo Alvo,35163585561,57,2821966544
Friederike,Zoushi,41940874225,89,3466259667
Tallie,Páchni,41364102048,66,1225896355
Reiko,Lodoyo,61426566675,95,9591136717
Rodolphe,Garanhuns,94863370543,50,5371612678
Gordie,Gafsa,97958174570,22,1643216001
Di,Tunduma,99069953317,22,9251119798
Salmon,Huangbu,18173277995,49,5274726018
Lyn,San Antonio,23344328599,73,6927748176
Fredelia,Khalopyenichy,14519543838,50,2134887174
Kimmy,Kavýli,75751229298,88,5568273008
Lazar,Bizerte,99846770645,40,7628158132
Mira,Basyūn,99071927682,20,2329157366
Gustave,Sigma,82039416128,22,8681608082
Curtis,Mobara,61245413343,47,1968209786
Clementia,Granada,94821667955,48,5014108720
Claudette,Rosthern,25132817006,70,6637869367
Agata,Yaodian,66515992308,79,2431045689
Ulises,Velille,69202787902,90,6655758303
Kort,Vila Real de Santo António,47642737604,27,3074113041
Fayth,Baipenzhu,93912964885,91,5717027162
Theobald,Kalinkavichy,64691789224,89,1892237328
Armstrong,Rayong,70755497251,39,7269527825
Dov,Abricots,18353170026,98,3114541401
Killy,Zaliznychne,25730042148,59,4512074736
Chucho,Yaroslavl,23516759852,70,8676402614
Cortie,Kamieniec Podolski,14789554865,40,4122895535
Gardie,Barrhead,59889767182,98,1683525284
Star,Evxinoúpolis,44002218905,75,7518429192
Ingamar,Góis,90276034025,64,5463365769
Matthaeus,Calumpang,18675711698,89,2417727790
Jermaine,Phrae,75618901130,72,1358740188
Aloin,Buy,29851245908,34,3947135760
Percy,Goroka,81732650921,92,3222285170
Lanae,Zhu’ao,20617815714,18,7783388096
